linkID,mean,var
t1,0.021667,0.00002
t2,0.024167,0.000036
p1,0.045111,0.001
p2,0.056778,0.002
