linkID,mean,var
t1,0.021667,0.0004
t2,0.024167,0.0004
p1,0.045111,0.0016
p2,0.056778,0.0016
