linkID,mean,var
t1,0.021667,0.00000579
t2,0.024167,0.00000579
p1,0.045111,0.0142
p2,0.056778,0.0142
